year,series,observed,trend,cycle_period5,remainder
1990,incidence_age_standardized_rate,485.2443989566,476.85655806449256,2.4986517778785187,5.889189114228901
1991,incidence_age_standardized_rate,464.70558332544,461.09385266095205,1.674310366869166,1.9374202976187704
1992,incidence_age_standardized_rate,445.29094655439,446.62207737956203,-1.8432057878323267,0.512074962660316
1993,incidence_age_standardized_rate,427.0897097606101,428.86176524113404,-2.858025536739255,1.0859700562153232
1994,incidence_age_standardized_rate,410.77974830076994,412.5633067520861,0.528269179823897,-2.3118276311400363
1995,incidence_age_standardized_rate,396.44283826446,397.484199792892,2.4986517778785187,-3.5400133063105104
1996,incidence_age_standardized_rate,383.2132908802,383.49733308598,1.674310366869166,-1.9583525726491628
1997,incidence_age_standardized_rate,369.89541175842,370.45850958899604,-1.8432057878323267,1.2801079572562717
1998,incidence_age_standardized_rate,357.15537622605,358.347016633056,-2.858025536739255,1.6663851297332637
1999,incidence_age_standardized_rate,345.58563081585,347.17714852053,0.528269179823897,-2.1197868845039265
2000,incidence_age_standardized_rate,335.88537348476,337.17236830552605,2.4986517778785187,-3.7856465986445587
2001,incidence_age_standardized_rate,327.36395031757,328.21869788942405,1.674310366869166,-2.5290579387232
2002,incidence_age_standardized_rate,319.8715106834,320.297190151786,-1.8432057878323267,1.4175263194463046
2003,incidence_age_standardized_rate,312.38702414554,313.196015794706,-2.858025536739255,2.0490338875732657
2004,incidence_age_standardized_rate,305.97809212766,306.870904128628,0.528269179823897,-1.4210811807919326
2005,incidence_age_standardized_rate,300.37950169936,301.012170308662,2.4986517778785187,-3.1313203871805344
2006,incidence_age_standardized_rate,295.73839198717997,295.822858007136,1.674310366869166,-1.7587763868252053
2007,incidence_age_standardized_rate,290.57784158357,291.07137803537796,-1.8432057878323267,1.349669336024343
2008,incidence_age_standardized_rate,286.44046263791,286.608303112356,-2.858025536739255,2.6901850622932595
2009,incidence_age_standardized_rate,282.22069226887,282.03390113193603,0.528269179823897,-0.3414780428899489
2010,incidence_age_standardized_rate,278.06412708425,277.246949020726,2.4986517778785187,-1.6814737143545075
2011,incidence_age_standardized_rate,272.86638208508003,272.07957376253,1.674310366869166,-0.8875020443191359
2012,incidence_age_standardized_rate,266.64308102752,266.548126676436,-1.8432057878323267,1.938160138916297
2013,incidence_age_standardized_rate,260.60358634693,260.92455116958604,-2.858025536739255,2.5370607140832173
2014,incidence_age_standardized_rate,254.5634568384,255.786716681188,0.528269179823897,-1.7515290226119218
2015,incidence_age_standardized_rate,249.94624955,251.49296958621804,2.4986517778785187,-4.045371814096552
2016,incidence_age_standardized_rate,247.17720964309,247.99609068412,1.674310366869166,-2.493191407899148
2017,incidence_age_standardized_rate,245.17434555267,245.111988354382,-1.8432057878323267,1.9055629861203247
2018,incidence_age_standardized_rate,243.11919183643997,242.243344057748,-2.858025536739255,3.7338733154312176
2019,incidence_age_standardized_rate,240.14294518971,237.305782736852,0.528269179823897,2.3088932730340987
2020,incidence_age_standardized_rate,235.60302806683,229.386017319648,2.4986517778785187,3.718358969303483
2021,incidence_age_standardized_rate,222.48940303861,219.70191035599802,1.674310366869166,1.1131823157428031
2022,incidence_age_standardized_rate,205.57551846665,222.39810369196047,-1.8432057878323267,-14.979379437478135
2023,incidence_age_standardized_rate,194.69865701819,217.8954684573131,-2.858025536739255,-20.338785902383826
1990,mortality_age_standardized_rate,125.51762504880134,123.99752696204087,0.14365126200610723,1.3764468247543626
1991,mortality_age_standardized_rate,120.83513186693366,120.36808375838748,0.3139789330211753,0.15306917552500487
1992,mortality_age_standardized_rate,116.75461891873228,116.90131422518623,-0.12932085994525389,-0.017374446508695685
1993,mortality_age_standardized_rate,112.29749968814292,112.98442990325043,-0.25038459815415515,-0.4365456169533538
1994,mortality_age_standardized_rate,109.10169560332088,109.34525498354705,-0.07792473692787354,-0.16563464329829997
1995,mortality_age_standardized_rate,105.93320343912244,105.8429169332175,0.14365126200610723,-0.05336475610116542
1996,mortality_age_standardized_rate,102.63925726841671,102.3248546919357,0.3139789330211753,0.00042364345983991747
1997,mortality_age_standardized_rate,99.24292866708446,98.57874506823352,-0.12932085994525389,0.7935044587961938
1998,mortality_age_standardized_rate,94.707188481734,94.78217448903516,-0.25038459815415515,0.17539859085299192
1999,mortality_age_standardized_rate,90.37114748480992,91.17403299946787,-0.07792473692787354,-0.7249607777300711
2000,mortality_age_standardized_rate,86.95035054313065,87.81959564769336,0.14365126200610723,-1.0128963665688153
2001,mortality_age_standardized_rate,84.59854982058026,84.85481568782686,0.3139789330211753,-0.5702448002677725
2002,mortality_age_standardized_rate,82.47074190821196,82.47869157877881,-0.12932085994525389,0.12137118937840918
2003,mortality_age_standardized_rate,79.88328868240141,80.63158808410864,-0.25038459815415515,-0.4979148035530735
2004,mortality_age_standardized_rate,78.49052693956978,79.1138539232803,-0.07792473692787354,-0.5454022467826534
2005,mortality_age_standardized_rate,77.7148330697798,77.45986547705807,0.14365126200610723,0.1113163307156193
2006,mortality_age_standardized_rate,77.0098790164385,75.95317574023234,0.3139789330211753,0.742724343184989
2007,mortality_age_standardized_rate,74.20079967710087,74.32938349179197,-0.12932085994525389,0.0007370452541562988
2008,mortality_age_standardized_rate,72.34983999827271,72.49870127942941,-0.25038459815415515,0.10152331699745709
2009,mortality_age_standardized_rate,70.37156569736796,70.4571862115872,-0.07792473692787354,-0.007695777291370123
2010,mortality_age_standardized_rate,68.56142200796707,68.52601386827517,0.14365126200610723,-0.10824312231421152
2011,mortality_age_standardized_rate,66.8023036772274,66.70406099146652,0.3139789330211753,-0.21573624726029528
2012,mortality_age_standardized_rate,64.5449379605407,64.81484258359399,-0.12932085994525389,-0.140583763108039
2013,mortality_age_standardized_rate,63.240075614229426,62.72824271154736,-0.25038459815415515,0.7622175008362212
2014,mortality_age_standardized_rate,60.92547365800533,60.8196466091842,-0.07792473692787354,0.18375178574900702
2015,mortality_age_standardized_rate,58.12842264773395,59.14057206828934,0.14365126200610723,-1.155800682561496
2016,mortality_age_standardized_rate,57.259323165411566,57.33937358844414,0.3139789330211753,-0.39402935605374956
2017,mortality_age_standardized_rate,56.14956525606641,55.5395169353475,-0.12932085994525389,0.7393691806641639
2018,mortality_age_standardized_rate,54.23408321500344,53.684490149199874,-0.25038459815415515,0.7999776639577184
2019,mortality_age_standardized_rate,51.92619039252213,51.38038522767315,-0.07792473692787354,0.6237299017768521
2020,mortality_age_standardized_rate,48.85328871699582,48.609342733419965,0.14365126200610723,0.10029472156974828
2021,mortality_age_standardized_rate,45.738798557777976,45.883273433850775,0.3139789330211753,-0.45845380909397426
2022,mortality_age_standardized_rate,42.294352784800445,44.662944359727845,-0.12932085994525389,-2.2392707149821462
2023,mortality_age_standardized_rate,40.60373671715751,42.501025017955584,-0.25038459815415515,-1.646903702643919
1990,mortality_to_incidence_age_standardized_ratio,0.2586688796793872,0.25970318434668066,-0.0015134596611173915,0.00047915499382390737
1991,mortality_to_incidence_age_standardized_ratio,0.2600251346287593,0.26096905870847764,-0.0003147672168811908,-0.0006291568628371371
1992,mortality_to_incidence_age_standardized_ratio,0.2621985015014701,0.2618851311088762,0.0007927186678590339,-0.00047934827526509706
1993,mortality_to_incidence_age_standardized_ratio,0.2629365613868039,0.2635932101969789,0.0015634899596933757,-0.0022201387698683956
1994,mortality_to_incidence_age_standardized_ratio,0.2655965783479603,0.2651558750559589,-0.0005279817495538276,0.0009686850415552374
1995,mortality_to_incidence_age_standardized_ratio,0.2672092751199008,0.2663761691823599,-0.0015134596611173915,0.0023465655986582706
1996,mortality_to_incidence_age_standardized_ratio,0.2678384589236592,0.2668230234251705,-0.0003147672168811908,0.0013302027153698946
1997,mortality_to_incidence_age_standardized_ratio,0.2682999721334753,0.26600400002841623,0.0007927186678590339,0.0015032534372000181
1998,mortality_to_incidence_age_standardized_ratio,0.2651708326008569,0.2643359686997247,0.0015634899596933757,-0.0007286260585611878
1999,mortality_to_incidence_age_standardized_ratio,0.2615014613641891,0.26245298424975755,-0.0005279817495538276,-0.00042354113601460674
2000,mortality_to_incidence_age_standardized_ratio,0.258869118476443,0.2603579083317566,-0.0015134596611173915,2.4669805803803407e-05
2001,mortality_to_incidence_age_standardized_ratio,0.2584235366738234,0.258467536212715,-0.0003147672168811908,0.00027076767798957604
2002,mortality_to_incidence_age_standardized_ratio,0.2578245925434704,0.25747191506438505,0.0007927186678590339,-0.0004400411887736835
2003,mortality_to_incidence_age_standardized_ratio,0.2557189720056492,0.25744252308305676,0.0015634899596933757,-0.0032870410371009457
2004,mortality_to_incidence_age_standardized_ratio,0.2565233556225392,0.25783754641767154,-0.0005279817495538276,-0.0007862090455785141
2005,mortality_to_incidence_age_standardized_ratio,0.2587221585698016,0.2573438309110555,-0.0015134596611173915,0.002891787319863462
2006,mortality_to_incidence_age_standardized_ratio,0.2603986533468972,0.2567165308152224,-0.0003147672168811908,0.003996889748556016
2007,mortality_to_incidence_age_standardized_ratio,0.2553560150103902,0.25528174352639404,0.0007927186678590339,-0.0007184471838628983
2008,mortality_to_incidence_age_standardized_ratio,0.2525824715264836,0.2528507005813444,0.0015634899596933757,-0.001831719014554167
2009,mortality_to_incidence_age_standardized_ratio,0.2493494191783974,0.2497343513052788,-0.0005279817495538276,0.00014304962267242883
2010,mortality_to_incidence_age_standardized_ratio,0.2465669438445535,0.24707613371562107,-0.0015134596611173915,0.001004269790049819
2011,mortality_to_incidence_age_standardized_ratio,0.2448169069665693,0.24509318148525244,-0.0003147672168811908,3.8492698198045816e-05
2012,mortality_to_incidence_age_standardized_ratio,0.2420649270621016,0.24308992738086355,0.0007927186678590339,-0.0018177189866209933
2013,mortality_to_incidence_age_standardized_ratio,0.2426677103746405,0.2402892770526277,0.0015634899596933757,0.000814943362319415
2014,mortality_to_incidence_age_standardized_ratio,0.2393331486564529,0.23765648030187922,-0.0005279817495538276,0.002204650104127496
2015,mortality_to_incidence_age_standardized_ratio,0.2325636922033741,0.23504728005262066,-0.0015134596611173915,-0.000970128188129152
2016,mortality_to_incidence_age_standardized_ratio,0.231652923212827,0.23112895967643016,-0.0003147672168811908,0.0008387307532780228
2017,mortality_to_incidence_age_standardized_ratio,0.2290189258158088,0.22650839769991044,0.0007927186678590339,0.0017178094480393244
2018,mortality_to_incidence_age_standardized_ratio,0.223076108493688,0.22146650886405334,0.0015634899596933757,4.610966994129137e-05
2019,mortality_to_incidence_age_standardized_ratio,0.2162303387738543,0.21625140921367939,-0.0005279817495538276,0.0005069113097287504
2020,mortality_to_incidence_age_standardized_ratio,0.2073542480240887,0.21159489012603694,-0.0015134596611173915,-0.0027271824408308526
2021,mortality_to_incidence_age_standardized_ratio,0.205577424960957,0.20868898202915334,-0.0003147672168811908,-0.0027967898513151616
2022,mortality_to_incidence_age_standardized_ratio,0.2057363303775967,0.20165998208121508,0.0007927186678590339,0.003283629628522587
2023,mortality_to_incidence_age_standardized_ratio,0.20854656800927,0.19672746932251337,0.0015634899596933757,0.010255608727063248
