year,incidence_age_standardized_rate,incidence_all_age_number,incidence_all_age_rate,mortality_age_standardized_rate,mortality_all_age_number,mortality_all_age_rate,incidence_age_standardized_rate_lower,incidence_all_age_number_lower,incidence_all_age_rate_lower,mortality_age_standardized_rate_lower,mortality_all_age_number_lower,mortality_all_age_rate_lower,incidence_age_standardized_rate_upper,incidence_all_age_number_upper,incidence_all_age_rate_upper,mortality_age_standardized_rate_upper,mortality_all_age_number_upper,mortality_all_age_rate_upper,mortality_to_incidence_age_standardized_ratio,mortality_to_incidence_age_standardized_ratio_lower,mortality_to_incidence_age_standardized_ratio_upper
1990,485.2443989566,62664.71239036363,418.0575089176,125.51762504880134,9996.536059459995,66.69027596886475,436.69535262180005,55252.55931503146,368.60852667244,88.9066250595133,7256.188846609139,48.408492080075874,526.65682555929,69964.02311557913,466.753681647,183.1545304915276,14164.379252822657,94.4953687637109,0.25866887967938723,0.16881320196524133,0.41941030375504945
1991,464.70558332544,61308.13691399109,399.43524919904,120.83513186693366,9885.223223548552,64.40428302731868,419.8323488585,54256.66304512839,353.49343194922,87.10373984488953,7265.979149300281,47.33936371688182,504.13433163501,68386.3819458165,445.55148613746,168.2808636012732,13786.682695603591,89.82310204389591,0.2600251346287593,0.17277882972658182,0.4008287214142007
1992,445.29094655439,59989.32614848151,381.65136767891,116.75461891873228,9814.871014886618,62.44209073381069,402.44496639242,52958.26462916336,336.91983929933997,85.05542969535354,7236.768770770385,46.040235426290224,482.61447798084,66691.14960015708,424.28828745267,158.96125574444682,13280.893000861322,84.49288070398487,0.2621985015014701,0.17623886886114154,0.3949888034863513
1993,427.0897097606101,58765.68001929156,365.02068594038,112.29749968814292,9710.101790207347,60.313911365424424,387.37051180495,51590.35015467974,320.45140965243,82.76111786735358,7259.520809585705,45.09222499669153,464.2599469018,65605.71110151178,407.50726716714,153.7310195228803,13040.139442961456,80.99830790123556,0.2629365613868039,0.178264608910704,0.39685782690729804
1994,410.77974830076994,57718.73219856148,349.99253275345,109.10169560332088,9699.601967709494,58.816057284494555,372.65609455888,50437.62761799617,305.84166290017004,81.36978537617453,7248.42045941679,43.9526811906731,445.33100829738,64274.95999931243,389.74792386979,146.40778738940068,13144.212369227447,79.70334764681127,0.26559657834796035,0.18271753787654058,0.39287640676508007
1995,396.44283826446,56918.96902914511,336.85637367851,105.93320343912244,9684.629263491095,57.31532298924693,359.15549955984,49795.094285396255,294.69604200612,78.82053268250081,7221.740690925213,42.73951939547534,430.5687935702,63536.57864009278,376.02054010644,137.89992052649262,12719.67985596106,75.27728108421424,0.2672092751199008,0.1830614151781297,0.38395603212395385
1996,383.2132908802,56231.39368527082,324.67715177766,102.63925726841671,9638.084322581444,55.64979918447956,347.15672231713,49642.20042053975,286.63149148904,75.96463506991219,7204.945723286179,41.60098306014406,415.78854768293,62732.90526669696,362.21654257281,134.4354865626831,12474.33966030615,72.02619045660049,0.2678384589236592,0.1827001621214467,0.38724725151620537
1997,369.89541175842,55502.52083569911,312.55885194013996,99.24292866708446,9586.468625587862,53.98557727934341,335.31855404042,49098.14801157972,276.49304110555,73.58438722289291,7213.146766665321,40.62036891871404,403.44752315705,61599.16287396124,346.89169678174,131.1181364024631,12530.810707662236,70.566449049411,0.2682999721334753,0.18238899237026354,0.39102559289533934
1998,357.15537622605,54849.84055248592,301.12765488965,94.707188481734,9417.675010720352,51.70338440231894,323.9091305019,48269.86547676411,265.0033481674,70.93127025675389,7099.58996374516,38.97701169094435,390.65018902967,60938.44282434211,334.5543067306,125.0974315164888,12272.661411229295,67.37736541789617,0.26517083260085694,0.18157234336156083,0.38621150111652996
1999,345.58563081585,54382.8631169953,290.89469839431996,90.37114748480992,9254.192804721011,49.50080724916838,311.44921391263,47880.10866126159,256.11137350641997,68.04005263005206,6950.784961226357,37.17984635251578,378.2245605045,60639.89547165207,324.36365231342,118.33005636953922,11984.859408900886,64.1071812558016,0.2615014613641891,0.179893269065594,0.3799337133749647
2000,335.88537348476,54217.8433159518,282.38968642434,86.95035054313065,9151.232584795467,47.66352812960983,302.57093129871,47509.18636852777,247.44813552805,64.44725533081294,6685.508173883517,34.820982196001665,369.37085732008,60635.63617482165,315.81629290869,112.35895198458994,11781.564016991211,61.36341773977654,0.258869118476443,0.1744784518150707,0.37134747710996974
2001,327.36395031757,54282.86985532265,275.11721156115,84.59854982058026,9185.720954596702,46.55520133594698,293.6710116554,47720.89042975539,241.85969428737,62.53253052287678,6763.919225378903,34.2809914337772,360.9065766527,60763.85507342976,307.96423284294997,109.81402127905938,11872.04202141479,60.17005189986797,0.2584235366738234,0.1732651455200601,0.3739355160049558
2002,319.8715106834,54495.45807428138,268.61680729417003,82.47074190821196,9206.187249150727,45.378765746833515,286.46543689189,48046.03694334201,236.82658157064,61.01266106247641,6711.582671929167,33.082461785477705,353.08943473301997,60987.52067113928,300.61721960642,108.58981586227004,12016.64962100864,59.23198317129945,0.25782459254347045,0.17279662051799896,0.37906777529762187
2003,312.38702414554,54807.380532268544,262.62539195136003,79.88328868240141,9235.437929505655,44.254267993174494,280.89734563154997,48314.05767190332,231.51076022277,58.05495011438941,6756.357064161971,32.375036079204705,344.69169588386,61580.30100179082,295.07979637079,105.74254968118493,12131.374076415635,58.13098237474522,0.25571897200564925,0.16842572886917,0.37644552832438044
2004,305.97809212766,55291.1113667484,257.47459105716,78.49052693956978,9371.15746880232,43.63874911118566,274.66680551728,48765.48769785032,227.08666352216,58.289157588356034,6873.435114376219,32.00758406705254,338.81756074482,62466.47957004419,290.888189521,104.80369713555858,12515.077019233264,58.27906616313486,0.2565233556225392,0.17203700262825644,0.38156666561211056
2005,300.37950169936,55932.73428499077,253.09225971466,77.7148330697798,9587.485591607046,43.382795859717774,268.22859859977,49471.76026071829,223.85674071734,57.26218229717576,7172.556505343103,32.45538694065801,334.06854803724997,63400.32745489027,286.88266982351996,104.40143088047186,12792.846251332969,57.88686012442877,0.2587221585698016,0.17140848078517945,0.3892255763385306
2006,295.73839198717997,56714.75173246431,249.39773223476,77.0098790164385,9793.324890910188,43.06521573704088,263.89451329135,50120.46037309201,220.39996251022,56.04861715193805,7237.760294682531,31.82736323113275,328.23090211016,64271.49306275949,282.62778426339,101.9991125979738,12792.236252085468,56.252643519116006,0.26039865334689727,0.17075972064667805,0.3865147150117621
2007,290.57784158357,57504.50462751535,245.80745737821,74.20079967710087,9763.589580388494,41.73521961775853,258.61877437065,50673.26129744184,216.60677884748,52.583599865551335,7039.959246162361,30.09285087411112,322.17958178582,65324.078163293925,279.23282989576,100.96836145008338,12999.140595287785,55.56583294695078,0.2553560150103902,0.16321208058587677,0.3904138889212137
2008,286.44046263791,58410.44310402923,242.80601988426,72.34983999827271,9777.577734734356,40.6443541209166,254.4981607027,51292.67775594523,213.21822388756,50.83772900730371,6951.379755248558,28.896148725834603,317.17019371319003,66395.5445328398,275.99924002211,98.368748832944,13419.182734605953,55.78212005833083,0.25258247152648367,0.16028532950128074,0.3865204705658228
2009,282.22069226887,59340.17005138319,240.03388675377,70.37156569736796,9792.924111405897,39.612856436206854,250.20929807981,52025.75650788351,210.44672664536,50.69429553896179,7053.2045574927615,28.53055699938941,312.56381815503,67772.78352966672,274.14422022488,94.91915782987822,13424.536949535608,54.30290777860061,0.2493494191783974,0.16218862387270203,0.3793590348493027
2010,278.06412708425,60283.03484113358,237.48956807072,68.56142200796707,9816.063749351326,38.67112440725102,245.66974240477,52354.479677738775,206.25442627433,49.13098778806786,7045.376825116146,27.755794038932784,308.89059703613,69173.78995863334,272.51536924748,91.90595021383167,13201.906992639806,52.009909548424496,0.24656694384455352,0.1590562751326521,0.3741036617460433
2011,272.86638208508003,60982.13039030752,234.22375333961,66.8023036772274,9888.095376492463,37.97877833455059,241.30556543633,53252.24287718012,204.53434671131,47.023447307399415,7002.196500164663,26.894448183311617,303.06649097217996,69525.6897085199,267.03835849662,91.8666022469374,13473.724772519992,51.75067462362983,0.24481690696656933,0.1551588470126047,0.38070652071709876
2012,266.64308102752,61371.53643809293,230.02717557494,64.5449379605407,9841.685186103432,36.88770361062682,236.00318671103,53377.098431490806,200.06315476502,44.30400229751136,6785.928435490501,25.434395849681227,296.57348871512,69648.05415219482,261.04846172591,88.31558370054164,13675.031790847555,51.25550249046371,0.24206492706210167,0.14938625326712368,0.3742135219923031
2013,260.60358634693,61672.97582683311,225.7648256569,63.240075614229426,9872.975911714062,36.14177288414718,230.25367144142,53193.98091348186,194.72596653433,41.841314457640074,6438.875041662189,23.570639842142302,290.43779202187,70161.44394143592,256.83836310656,87.6289855632128,13776.586463123413,50.43162907733463,0.2426677103746405,0.1440629133225521,0.38057584495675206
2014,254.5634568384,62007.65354816463,221.86842510250997,60.92547365800533,9783.60333580408,35.00652806119259,223.58834037368,53217.03261738465,190.41486880771,40.10211180847608,6393.010084132131,22.87470977964232,284.48412928193,70749.48810785502,253.14741979562,85.2602679729537,13735.1619551864,49.14552603023546,0.23933314865645297,0.14096431990669683,0.3813269861499013
2015,249.94624955,62647.887576511865,219.27316961094,58.12842264773395,9602.36606617581,33.60913391570436,217.48987911668,53410.42157635057,186.94121832919,37.63413590177435,6187.593630953708,21.657127162774746,281.05578273963,71731.6194346261,251.06703774404,80.76316929783296,13599.50533285224,47.599476292533815,0.23256369220337417,0.13390272754728766,0.3713421959028482
2016,247.17720964309,63668.92041530743,218.15677095349,57.259323165411566,9703.986123107892,33.24997917643021,216.18650664741,54546.94161424661,186.90099612702,35.837225192793326,6131.136004869357,21.007876753277692,280.55514075878,72665.53662644842,248.98300028686,80.905565966629,13746.544240342764,47.10150075862713,0.231652923212827,0.12773683310834788,0.37423966565398165
2017,245.17434555267,64852.43774655733,217.68487175874,56.14956525606641,9747.82768029929,32.71973563746192,215.31109559219,55730.74994312863,187.06684861715,34.237418831222186,5979.580581795639,20.071168908193815,278.30373609177,74073.40466019811,248.63613696687,79.07906917900453,13756.274441866011,46.17456092334314,0.22901892581580885,0.12302177222634365,0.36727818862054495
2018,243.11919183643997,66007.0647179898,217.19055196427,54.23408321500344,9617.106433530716,31.644259042902387,214.42250120401,56641.03565264791,186.37244134071,33.187196234502714,5779.475135044433,19.01686433122027,276.04543406907,75323.19590792834,247.84447793354,76.13751643499728,13693.618364078326,45.05766986593011,0.22307610849368803,0.12022367385435133,0.3550817475193849
2019,240.14294518971,66919.67445611322,215.98606255049,51.92619039252213,9435.295787839026,30.45281380666418,212.01142628706,57893.878310575965,186.85492605435,31.97386386183884,5727.54493614303,18.48589206227881,272.92581087915,76798.57993682043,247.87064528984,72.26456906420125,13250.422567693113,42.76629587316803,0.21623033877385436,0.117152217149578,0.3408522376824927
2020,235.60302806683,67366.58782941918,213.42127115354,48.85328871699582,9134.433363355614,28.93841654279824,206.37895471787,58652.74065430687,185.81529613431,31.160176003372044,5892.950191138013,18.669209190494083,267.94099111407,77898.92065063334,246.78831454020997,67.6634669737512,12780.974192262302,40.490870126898514,0.20735424802408878,0.11629491954109508,0.3278603046819887
2021,222.48940303861,65091.17493290282,202.57770690002,45.738798557777976,8771.126727852408,27.29762892265246,196.46053279653,56108.75597158648,174.62249119721,29.776317046151068,5800.416442925475,18.052140912869937,252.27785521835003,75390.89208727621,234.63263731112997,62.4195641518717,12135.91563713261,37.76957419245671,0.20557742496095704,0.11802984855876171,0.3177206294992507
2022,205.57551846665,61473.63691060121,188.02286641075,42.294352784800445,8354.37355234071,25.55263266205773,179.71383386835,52289.70616965056,159.93295552192,27.119992465175255,5452.4775524005,16.67691241260927,233.35184397436,71960.44377395135,220.09774574171,58.37169753851859,11444.286686329016,35.003420896006006,0.20573633037759673,0.11621931930460819,0.3248035851334571
2023,194.69865701819,59181.25959019965,177.91270193382,40.60373671715751,8232.987710823014,24.750285795928747,171.12481633866,51276.34779881973,154.14868905049,25.526418718760286,5157.495680418329,15.504637753049812,221.5484674175,67803.45861616136,203.83304793426,56.92813504376387,11718.098864386571,35.22734468524103,0.20854656800927007,0.11521821394799668,0.3326702477278442
